企画提案,,,100,名詞,一般,*,*,*,*,企画提案,*,*,ASP
未経験OK,,,100,名詞,一般,*,*,*,*,未経験OK,*,*,ASP
自由な環境,,,100,名詞,一般,*,*,*,*,自由な環境,*,*,ASP
幅広い挑戦,,,100,名詞,一般,*,*,*,*,幅広い挑戦,*,*,ASP
新規事業,,,100,名詞,一般,*,*,*,*,新規事業,*,*,ASP
キャッシュレス,,,-100,名詞,一般,*,*,*,*,キャッシュレス,*,*,ASP
キャッシュレス社会,,,-120,名詞,一般,*,*,*,*,キャッシュレス社会,*,*,ASP
ビジネス企画,,,10,名詞,一般,*,*,*,*,ビジネス企画,*,*,ASP
データアナリスト,,,-10000,名詞,一般,*,*,*,*,データアナリスト,*,*,ASP
レポート作成,,,100,名詞,一般,*,*,*,*,レポート作成,*,*,ASP
×,,,100000,名詞,一般,*,*,*,*,×,*,*,ASP
Fintech,,,10,名詞,一般,*,*,*,*,Fintech,*,*,ASP
Web・アプリエンジニア,,,100,名詞,一般,*,*,*,*,Web・アプリエンジニア,*,*,ASP
Webディレクター,,,-1000,名詞,一般,*,*,*,*,Webディレクター,ASP
コアメンバー,,,-20000,名詞,一般,*,*,*,*,コアメンバー,*,*,ASP
サーバ開発エンジニア,,,-80000,名詞,一般,*,*,*,*,サーバ開発エンジニア,*,*,ASP
プロダクトオーナー,,,-1000,名詞,一般,*,*,*,*,プロダクトオーナー,*,*,ASP
急成長,,,-1000,名詞,一般,*,*,*,*,急成長,*,*,ASP
背負っていく気概,,,-30000,名詞,一般,*,*,*,*,背負っていく気概,*,*,ASP
データプランナー,,,-3500,名詞,一般,*,*,*,*,データプランナー,*,*,ASP
有名なクライアント,,,-50000,名詞,一般,*,*,*,*,有名なクライアント,*,*,ASP
成長できる環境,,,-1000,名詞,一般,*,*,*,*,成長できる環境,*,*,ASP
国内最高レベル,,,-10000,名詞,一般,*,*,*,*,国内最高レベル,*,*,ASP
サーバサイド,,,-1000,名詞,一般,*,*,*,*,サーバサイド,*,*,ASP
サーバサイドエンジニア,,,-3000,名詞,一般,*,*,*,*,サーバサイドエンジニア,*,*,ASP
大規模,,,-1000,名詞,一般,*,*,*,*,大規模,*,*,ASP
働きやすさ,,,-10000,名詞,一般,*,*,*,*,働きやすさ,*,*,ASP
自社プロダクト,,,-10000,名詞,一般,*,*,*,*,自社プロダクト,*,*,ASP
面白さ,,,-10000,名詞,一般,*,*,*,*,面白さ,*,*,ASP